,hot_days_gt80f,delta_birth_8m_pct,delta_birth_9m_pct,delta_birth_10m_pct
hot_days_gt80f,1.0,-0.9660568113560103,-0.9917240910934441,-0.962464283657286
delta_birth_8m_pct,-0.9660568113560103,1.0,0.9853207198165448,0.9899168702012906
delta_birth_9m_pct,-0.9917240910934441,0.9853207198165448,1.0,0.9836413421690323
delta_birth_10m_pct,-0.962464283657286,0.9899168702012906,0.9836413421690323,1.0
