,hot_days_gt80f,delta_birth_8m_pct,delta_birth_9m_pct,delta_birth_10m_pct,precip_share_001_050,precip_share_gt050
count,100.0,100.0,100.0,100.0,100.0,100.0
mean,7.06,-1.236202,-2.6152670000000002,-1.0796599999999998,0.19233400000000003,0.08100199999999999
std,5.10855887089243,1.0580840372555242,2.0671149169823897,0.9574413657707134,0.09637893983876583,0.05846895227210745
min,0.0,-3.7194,-7.6323,-3.3118,0.0667,0.0
25%,3.0,-1.9335749999999998,-3.819,-1.69905,0.1,0.0333
50%,6.0,-0.8288,-1.84595,-0.72045,0.1667,0.1
75%,10.0,-0.4183,-1.0438,-0.297825,0.2667,0.1333
max,20.0,0.1889,0.2384,0.1063,0.3667,0.1667
